Username,FirstName,LastName,Role,Department,Site
catherine.delgado,Catherine,Delgado,Empleado,Ventas,Sede Central
edwin.tangarife,Edwin,Tangarife,Empleado,Ventas,Sede Central
jhojal.perea,Jhojal,Perea,Empleado,Ventas,Sede Central
mauricio.salazar,Mauricio,Salazar,Empleado,Ventas,Sede Central
test.user1,Test,User1,Admin,Recursos Humanos,Sede Central
test.user2,Test,User2,User,Finanzas,Sede Norte
test.user3,Test,User3,User,IT,Sede Norte
